<application>
  <component name="ProjectJdkTable">
    <jdk version="2">
      <name value="Python 2.7" />
      <type value="Python SDK" />
      <version value="Python 2.7.5" />
      <homePath value="/usr/bin/python2.7" />
      <roots>
        <classPath>
          <root type="composite">
            <root url="file:///usr/lib64/python2.7" type="simple" />
            <root url="file:///usr/lib64/python2.7/plat-linux2" type="simple" />
            <root url="file:///usr/lib64/python2.7/lib-dynload" type="simple" />
            <root url="file:///usr/lib64/python2.7/site-packages" type="simple" />
            <root url="file:///usr/lib64/python2.7/site-packages/gtk-2.0" type="simple" />
            <root url="file:///usr/lib/python2.7/site-packages" type="simple" />
            <root url="file://$USER_HOME$/.PyCharm2018.3/system/python_stubs/-1247972723" type="simple" />
            <root url="file://$APPLICATION_HOME_DIR$/helpers/python-skeletons" type="simple" />
            <root url="file://$APPLICATION_HOME_DIR$/helpers/typeshed/stdlib/2" type="simple" />
            <root url="file://$APPLICATION_HOME_DIR$/helpers/typeshed/stdlib/2and3" type="simple" />
            <root url="file://$APPLICATION_HOME_DIR$/helpers/typeshed/third_party/2" type="simple" />
            <root url="file://$APPLICATION_HOME_DIR$/helpers/typeshed/third_party/2and3" type="simple" />
          </root>
        </classPath>
        <sourcePath>
          <root type="composite" />
        </sourcePath>
      </roots>
      <additional />
    </jdk>
    <jdk version="2">
      <name value="Python 2.7 (ktrove)" />
      <type value="Python SDK" />
      <version value="Python 2.7.5" />
      <homePath value="/code/venv/ktrove/bin/python" />
      <roots>
        <classPath>
          <root type="composite">
            <root url="file:///code/venv/ktrove/lib64/python2.7" type="simple" />
            <root url="file:///code/venv/ktrove/lib64/python2.7/lib-dynload" type="simple" />
            <root url="file:///usr/lib64/python2.7" type="simple" />
            <root url="file:///usr/lib/python2.7" type="simple" />
            <root url="file:///code/venv/ktrove/lib/python2.7/site-packages" type="simple" />
            <root url="jar:///code/venv/ktrove/lib/python2.7/site-packages/prettytable-0.6.1-py2.7.egg!/" type="simple" />
            <root url="file:///code/venv/ktrove/lib/python2.7/site-packages/python_novaclient-0.1.0-py2.7.egg" type="simple" />
            <root url="file://$USER_HOME$/.PyCharm2018.3/system/python_stubs/-469281767" type="simple" />
            <root url="file://$APPLICATION_HOME_DIR$/helpers/python-skeletons" type="simple" />
            <root url="file://$APPLICATION_HOME_DIR$/helpers/typeshed/stdlib/2" type="simple" />
            <root url="file://$APPLICATION_HOME_DIR$/helpers/typeshed/stdlib/2and3" type="simple" />
            <root url="file://$APPLICATION_HOME_DIR$/helpers/typeshed/third_party/2" type="simple" />
            <root url="file://$APPLICATION_HOME_DIR$/helpers/typeshed/third_party/2and3" type="simple" />
          </root>
        </classPath>
        <sourcePath>
          <root type="composite" />
        </sourcePath>
      </roots>
      <additional ASSOCIATED_PROJECT_PATH="$USER_HOME$/github/ktrove" />
    </jdk>
    <jdk version="2">
      <name value="Python 3.7 (conductor-manager)" />
      <type value="Python SDK" />
      <version value="Python 3.7.2" />
      <homePath value="/usr/local/python3/bin/python3" />
      <roots>
        <classPath>
          <root type="composite">
            <root url="file:///usr/local/python3/lib/python3.7" type="simple" />
            <root url="file:///usr/local/python3/lib/python3.7/lib-dynload" type="simple" />
            <root url="file:///usr/local/python3/lib/python3.7/site-packages" type="simple" />
            <root url="file://$USER_HOME$/.PyCharm2018.3/system/python_stubs/-1906984087" type="simple" />
            <root url="file://$APPLICATION_HOME_DIR$/helpers/python-skeletons" type="simple" />
            <root url="file://$APPLICATION_HOME_DIR$/helpers/typeshed/stdlib/3" type="simple" />
            <root url="file://$APPLICATION_HOME_DIR$/helpers/typeshed/stdlib/2and3" type="simple" />
            <root url="file://$APPLICATION_HOME_DIR$/helpers/typeshed/third_party/3" type="simple" />
            <root url="file://$APPLICATION_HOME_DIR$/helpers/typeshed/third_party/2and3" type="simple" />
          </root>
        </classPath>
        <sourcePath>
          <root type="composite" />
        </sourcePath>
      </roots>
      <additional ASSOCIATED_PROJECT_PATH="$USER_HOME$/github/conductor-dev/python/conductor-manager" />
    </jdk>
    <jdk version="2">
      <name value="Python 2.7 (trove)" />
      <type value="Python SDK" />
      <version value="Python 2.7.5" />
      <homePath value="/code/venv/trove/bin/python2.7" />
      <roots>
        <classPath>
          <root type="composite">
            <root url="file:///code/venv/trove/lib64/python2.7" type="simple" />
            <root url="file:///code/venv/trove/lib64/python2.7/lib-dynload" type="simple" />
            <root url="file:///usr/lib64/python2.7" type="simple" />
            <root url="file:///usr/lib/python2.7" type="simple" />
            <root url="file:///code/venv/trove/lib/python2.7/site-packages" type="simple" />
            <root url="file://$USER_HOME$/.PyCharm2018.3/system/python_stubs/34504483" type="simple" />
            <root url="file://$APPLICATION_HOME_DIR$/helpers/python-skeletons" type="simple" />
            <root url="file://$APPLICATION_HOME_DIR$/helpers/typeshed/stdlib/2" type="simple" />
            <root url="file://$APPLICATION_HOME_DIR$/helpers/typeshed/stdlib/2and3" type="simple" />
            <root url="file://$APPLICATION_HOME_DIR$/helpers/typeshed/third_party/2" type="simple" />
            <root url="file://$APPLICATION_HOME_DIR$/helpers/typeshed/third_party/2and3" type="simple" />
          </root>
        </classPath>
        <sourcePath>
          <root type="composite" />
        </sourcePath>
      </roots>
      <additional ASSOCIATED_PROJECT_PATH="$USER_HOME$/github/trove" />
    </jdk>
  </component>
</application>