<application>
  <component name="PyTestFrameworkService">
    <option name="SDK_TO_PYTEST">
      <map>
        <entry key="/code/venv/ktrove/bin/python" value="false" />
        <entry key="/code/venv/trove/bin/python2.7" value="false" />
        <entry key="/usr/bin/python2.7" value="false" />
        <entry key="/usr/local/python3/bin/python3" value="false" />
      </map>
    </option>
    <option name="SDK_TO_NOSETEST">
      <map>
        <entry key="/code/venv/ktrove/bin/python" value="true" />
        <entry key="/code/venv/trove/bin/python2.7" value="false" />
        <entry key="/usr/bin/python2.7" value="false" />
        <entry key="/usr/local/python3/bin/python3" value="false" />
      </map>
    </option>
    <option name="SDK_TO_TRIALTEST">
      <map>
        <entry key="/code/venv/ktrove/bin/python" value="false" />
        <entry key="/code/venv/trove/bin/python2.7" value="false" />
        <entry key="/usr/bin/python2.7" value="false" />
        <entry key="/usr/local/python3/bin/python3" value="false" />
      </map>
    </option>
  </component>
</application>